Workbook

Sheet Helpdesk_Summary
A1: Calculation Using Formulas | F1: Calculation Using Pivot Table | I1: Charts
A2: Total Tickets | B2: =COUNTA(Tickets_Data!A2:A16) -> 15 | F2: Row Labels | G2: Total Tickets
A3: Open Tickets | B3: =COUNTIF(Tickets_Data!G:G, "Open") -> 4 | F3: Closed | G3: 11
A4: Closed Tickets | B4: =COUNTIF(Tickets_Data!G:G, "Closed") -> 11 | F4: Open | G4: 4
F5: Grand Total | G5: 15
A13: Count by Priority
A14: Priority | B14: Count | F14: Row Labels | G14: Count of Priority
A15: High | B15: =COUNTIF(Tickets_Data!F:F, A15) -> 6 | F15: High | G15: 6
A16: Medium | B16: =COUNTIF(Tickets_Data!F:F, A16) -> 5 | F16: Low | G16: 4
A17: Low | B17: =COUNTIF(Tickets_Data!F:F, A17) -> 4 | F17: Medium | G17: 5
F18: Grand Total | G18: 15
A25: Count by Issue Type
A26: Issue Type | B26: Count | F26: Row Labels | G26: Count of Issue Type
A27: Login | B27: =COUNTIF(Tickets_Data!D:D, A27) -> 4 | F27: Email | G27: 3
A28: Email | B28: =COUNTIF(Tickets_Data!D:D, A28) -> 3 | F28: Hardware | G28: 2
A29: Network | B29: =COUNTIF(Tickets_Data!D:D, A29) -> 3 | F29: Login | G29: 4
A30: Software | B30: =COUNTIF(Tickets_Data!D:D, A30) -> 3 | F30: Network | G30: 3
A31: Hardware | B31: =COUNTIF(Tickets_Data!D:D, A31) -> 2 | F31: Software | G31: 3
F32: Grand Total | G32: 15
A37: Count by Date Issued
A38: Date Issued | B38: Count | F38: Row Labels | G38: Count of Date Issued
A39: 46082 | B39: =COUNTIF(Tickets_Data!B:B,A39) -> 2 | F39: 46082 | G39: 2
A40: 46083 | B40: =COUNTIF(Tickets_Data!B:B,A40) -> 2 | F40: 46083 | G40: 2
A41: 46084 | B41: =COUNTIF(Tickets_Data!B:B,A41) -> 2 | F41: 46084 | G41: 2
A42: 46085 | B42: =COUNTIF(Tickets_Data!B:B,A42) -> 2 | F42: 46085 | G42: 2
A43: 46086 | B43: =COUNTIF(Tickets_Data!B:B,A43) -> 2 | F43: 46086 | G43: 2
A44: 46087 | B44: =COUNTIF(Tickets_Data!B:B,A44) -> 2 | F44: 46087 | G44: 2
A45: 46088 | B45: =COUNTIF(Tickets_Data!B:B,A45) -> 2 | F45: 46088 | G45: 2
A46: 46089 | B46: =COUNTIF(Tickets_Data!B:B,A46) -> 1 | F46: 46089 | G46: 1
F47: Grand Total | G47: 15
A50: Resolution Time Analysis (Days) | F50: Row Labels | G50: Average of Resolution Time
A51: Average Resolution time | B51: =AVERAGE(Tickets_Data!I2:I16) -> 1.8666667 | F51: High | G51: 1
F52: Low | G52: 3
F53: Medium | G53: 2
F54: Grand Total | G54: 1.8666667

Sheet Tickets_Data
A1: Ticket ID | B1: Date Issued | C1: User Name | D1: Issue Type | E1: Description | F1: Priority | G1: Status | H1: Resolution | I1: Resolution Time (Days) | J1: Date Resolved
A2: 1 | B2: 46082 | C2: John Smith | D2: Login | E2: Unable to reset password | F2: High | G2: Closed | H2: Password reset completed | I2: =IF(F2="High",1,IF(F2="Medium",2,IF(F2="Low",3))) -> 1 | J2: =B2+I2 -> 46083
A3: 2 | B3: 46082 | C3: Emily Davis | D3: Email | E3: Outlook not syncing | F3: Medium | G3: Closed | H3: Reconfigured email account | I3: =IF(F3="High",1,IF(F3="Medium",2,IF(F3="Low",3))) -> 2 | J3: =B3+I3 -> 46084
A4: 3 | B4: 46083 | C4: Michael Brown | D4: Network | E4: Wi-Fi not connecting | F4: High | G4: Closed | H4: Router restarted | I4: =IF(F4="High",1,IF(F4="Medium",2,IF(F4="Low",3))) -> 1 | J4: =B4+I4 -> 46084
A5: 4 | B5: 46083 | C5: Sarah Johnson | D5: Software | E5: Application crashing on startup | F5: Medium | G5: Open | H5: In progress | I5: =IF(F5="High",1,IF(F5="Medium",2,IF(F5="Low",3))) -> 2 | J5: =B5+I5 -> 46085
A6: 5 | B6: 46084 | C6: David Wilson | D6: Login | E6: Account locked after failed attempts | F6: High | G6: Closed | H6: Account unlocked | I6: =IF(F6="High",1,IF(F6="Medium",2,IF(F6="Low",3))) -> 1 | J6: =B6+I6 -> 46085
A7: 6 | B7: 46084 | C7: Jessica Martinez | D7: Hardware | E7: Keyboard not working | F7: Low | G7: Closed | H7: Replaced keyboard | I7: =IF(F7="High",1,IF(F7="Medium",2,IF(F7="Low",3))) -> 3 | J7: =B7+I7 -> 46087
A8: 7 | B8: 46085 | C8: Daniel Anderson | D8: Network | E8: VPN connection failing | F8: High | G8: Open | H8: Investigating issue | I8: =IF(F8="High",1,IF(F8="Medium",2,IF(F8="Low",3))) -> 1 | J8: =B8+I8 -> 46086
A9: 8 | B9: 46085 | C9: Ashley Thomas | D9: Email | E9: Emails going to spam | F9: Low | G9: Closed | H9: Updated spam filters | I9: =IF(F9="High",1,IF(F9="Medium",2,IF(F9="Low",3))) -> 3 | J9: =B9+I9 -> 46088
A10: 9 | B10: 46086 | C10: Christopher Taylor | D10: Software | E10: Unable to install application | F10: Medium | G10: Closed | H10: Installed with admin rights | I10: =IF(F10="High",1,IF(F10="Medium",2,IF(F10="Low",3))) -> 2 | J10: =B10+I10 -> 46088
A11: 10 | B11: 46086 | C11: Megan Moore | D11: Login | E11: Forgot password | F11: Low | G11: Closed | H11: Password reset | I11: =IF(F11="High",1,IF(F11="Medium",2,IF(F11="Low",3))) -> 3 | J11: =B11+I11 -> 46089
A12: 11 | B12: 46087 | C12: Matthew Jackson | D12: Network | E12: Slow internet connection | F12: Medium | G12: Open | H12: Monitoring network | I12: =IF(F12="High",1,IF(F12="Medium",2,IF(F12="Low",3))) -> 2 | J12: =B12+I12 -> 46089
A13: 12 | B13: 46087 | C13: Olivia White | D13: Hardware | E13: Mouse not responding | F13: Low | G13: Closed | H13: Replaced mouse | I13: =IF(F13="High",1,IF(F13="Medium",2,IF(F13="Low",3))) -> 3 | J13: =B13+I13 -> 46090
... A16: 15 | B16: 46089 | C16: Joshua Thompson | D16: Login | E16: Multi-factor authentication issue | F16: High | G16: Closed | H16: MFA reset completed | I16: =IF(F16="High",1,IF(F16="Medium",2,IF(F16="Low",3))) -> 1 | J16: =B16+I16 -> 46090
